event,asset,method,n_windows,n_independent,auc_reported,se_if_all_independent,subsets_used,auc_mean_over_subsets,auc_sd_over_subsets,auc_min,auc_max,inflation
COVID-19,USOIL,anomaly_transformer,146,4,0.890974,0.02767,32,0.872396,0.167985,0.5,1.0,6.07095
COVID-19,USOIL,autoencoder,146,4,0.450929,0.047664,32,0.317708,0.237065,0.0,0.75,4.973697
COVID-19,USOIL,cnn_autoencoder,146,4,0.361231,0.04567,32,0.28125,0.19486,0.0,0.5,4.266651
COVID-19,USOIL,dagmm,146,4,0.883093,0.028627,32,0.916667,0.125224,0.666667,1.0,4.3743
COVID-19,USOIL,deep_svdd,146,4,0.462939,0.047785,32,0.351562,0.264147,0.0,0.833333,5.527851
COVID-19,USOIL,hybrid2,146,4,0.222931,0.038505,32,0.166667,0.155543,0.0,0.5,4.039548
COVID-19,USOIL,isolation_forest,146,4,0.88647,0.028222,32,0.864583,0.146265,0.666667,1.0,5.182651
COVID-19,USOIL,omnianomaly,146,4,0.733909,0.041328,32,0.755208,0.250392,0.166667,1.0,6.058696
COVID-19,USOIL,one_class_svm,146,4,0.510978,0.047931,32,0.513021,0.267831,0.0,1.0,5.587835
COVID-19,USOIL,standalone_fanogan,146,4,0.222931,0.038505,32,0.166667,0.155543,0.0,0.5,4.039548
COVID-19,USOIL,tranad,146,4,0.396322,0.046682,32,0.278646,0.195845,0.0,0.5,4.195305
COVID-19,USOIL,usad,146,4,0.069056,0.022067,32,0.075521,0.132794,0.0,0.5,6.017875
COVID-19,USOIL,vae,146,4,0.778945,0.038369,32,0.747396,0.16865,0.5,1.0,4.395502
COVID-19,GOLD,anomaly_transformer,146,4,0.797898,0.036925,32,0.755208,0.226926,0.333333,1.0,6.145557
COVID-19,GOLD,autoencoder,146,4,0.782511,0.038107,32,0.799479,0.14946,0.666667,1.0,3.922161
COVID-19,GOLD,cnn_autoencoder,146,4,0.737662,0.041105,32,0.796875,0.156887,0.666667,1.0,3.816749
COVID-19,GOLD,dagmm,146,4,0.419028,0.047177,32,0.427083,0.282993,0.0,1.0,5.998581
COVID-19,GOLD,deep_svdd,146,4,0.750422,0.040316,32,0.78125,0.175505,0.333333,1.0,4.353231
COVID-19,GOLD,hybrid2,146,4,0.754926,0.040026,32,0.770833,0.156976,0.5,1.0,3.921887
COVID-19,GOLD,isolation_forest,146,4,0.775943,0.038586,32,0.736979,0.266994,0.166667,1.0,6.919411
COVID-19,GOLD,omnianomaly,146,4,0.70107,0.043104,32,0.682292,0.284326,0.166667,1.0,6.596335
COVID-19,GOLD,one_class_svm,146,4,0.80897,0.036022,32,0.807292,0.223444,0.333333,1.0,6.202901
COVID-19,GOLD,standalone_fanogan,146,4,0.754926,0.040026,32,0.770833,0.156976,0.5,1.0,3.921887
COVID-19,GOLD,tranad,146,4,0.813098,0.035674,32,0.835938,0.150394,0.666667,1.0,4.21578
COVID-19,GOLD,usad,146,4,0.504597,0.047943,32,0.523438,0.194266,0.0,0.833333,4.05205
COVID-19,GOLD,vae,146,4,0.841809,0.033062,32,0.835938,0.201344,0.333333,1.0,6.089969
COVID-19,EURUSD,anomaly_transformer,152,4,0.687803,0.043019,32,0.65625,0.313774,0.0,1.0,7.293772
COVID-19,EURUSD,autoencoder,152,4,0.654886,0.044336,32,0.635417,0.337175,0.0,1.0,7.605019
COVID-19,EURUSD,cnn_autoencoder,152,4,0.593035,0.046079,32,0.630208,0.321662,0.0,1.0,6.980699
COVID-19,EURUSD,dagmm,152,4,0.363825,0.044744,32,0.40625,0.267531,0.0,1.0,5.979202
COVID-19,EURUSD,deep_svdd,152,4,0.617464,0.045501,32,0.588542,0.31675,0.0,1.0,6.961323
COVID-19,EURUSD,hybrid2,152,4,0.556133,0.046684,32,0.546875,0.333963,0.0,1.0,7.153722
COVID-19,EURUSD,isolation_forest,152,4,0.585586,0.046227,32,0.583333,0.296334,0.166667,1.0,6.410448
COVID-19,EURUSD,omnianomaly,152,4,0.473666,0.046898,32,0.546875,0.305957,0.0,1.0,6.52384
COVID-19,EURUSD,one_class_svm,152,4,0.458766,0.046771,32,0.541667,0.343918,0.0,1.0,7.353262
COVID-19,EURUSD,standalone_fanogan,152,4,0.556133,0.046684,32,0.546875,0.333963,0.0,1.0,7.153722
COVID-19,EURUSD,tranad,152,4,0.690229,0.042911,32,0.651042,0.331607,0.0,1.0,7.727721
COVID-19,EURUSD,usad,152,4,0.435031,0.046462,32,0.34375,0.260746,0.0,0.666667,5.612026
COVID-19,EURUSD,vae,152,4,0.64501,0.044677,32,0.65625,0.341138,0.0,1.0,7.63565
Russia-Ukraine,USOIL,anomaly_transformer,125,4,0.873333,0.031822,29,0.813218,0.240551,0.333333,1.0,7.559274
Russia-Ukraine,USOIL,autoencoder,125,4,0.841538,0.035432,29,0.833333,0.235702,0.5,1.0,6.652274
Russia-Ukraine,USOIL,cnn_autoencoder,125,4,0.714359,0.045635,29,0.729885,0.313119,0.25,1.0,6.861328
Russia-Ukraine,USOIL,dagmm,125,4,0.764359,0.042312,29,0.755747,0.206457,0.5,1.0,4.879411
Russia-Ukraine,USOIL,deep_svdd,125,4,0.794872,0.03987,29,0.778736,0.296537,0.25,1.0,7.437587
Russia-Ukraine,USOIL,hybrid2,125,4,0.817436,0.037839,29,0.824713,0.22421,0.5,1.0,5.925416
Russia-Ukraine,USOIL,isolation_forest,125,4,0.852051,0.034297,29,0.795977,0.24457,0.333333,1.0,7.13092
Russia-Ukraine,USOIL,omnianomaly,125,4,0.799487,0.039471,29,0.758621,0.262906,0.0,1.0,6.660743
Russia-Ukraine,USOIL,one_class_svm,125,4,0.841795,0.035405,29,0.804598,0.208066,0.333333,1.0,5.876783
Russia-Ukraine,USOIL,standalone_fanogan,125,4,0.817436,0.037839,29,0.824713,0.22421,0.5,1.0,5.925416
Russia-Ukraine,USOIL,tranad,125,4,0.767179,0.0421,29,0.764368,0.283534,0.25,1.0,6.734765
Russia-Ukraine,USOIL,usad,125,4,0.201795,0.040296,29,0.183908,0.200915,0.0,0.5,4.985958
Russia-Ukraine,USOIL,vae,125,4,0.87,0.032227,29,0.821839,0.242675,0.333333,1.0,7.530274
Russia-Ukraine,GOLD,anomaly_transformer,125,4,0.644359,0.049029,29,0.566092,0.387925,0.0,1.0,7.912203
Russia-Ukraine,GOLD,autoencoder,125,4,0.407436,0.050926,29,0.425287,0.38918,0.0,1.0,7.642125
Russia-Ukraine,GOLD,cnn_autoencoder,125,4,0.33641,0.048669,29,0.362069,0.387219,0.0,1.0,7.95618
Russia-Ukraine,GOLD,dagmm,125,4,0.640513,0.049175,29,0.623563,0.307496,0.0,1.0,6.253043
Russia-Ukraine,GOLD,deep_svdd,125,4,0.366667,0.049797,29,0.390805,0.343667,0.0,1.0,6.901341
Russia-Ukraine,GOLD,hybrid2,125,4,0.481026,0.051868,29,0.442529,0.3922,0.0,1.0,7.561509
Russia-Ukraine,GOLD,isolation_forest,125,4,0.657949,0.048478,29,0.609195,0.414341,0.0,1.0,8.547011
Russia-Ukraine,GOLD,omnianomaly,125,4,0.64,0.049195,29,0.617816,0.419938,0.0,1.0,8.536241
Russia-Ukraine,GOLD,one_class_svm,125,4,0.450256,0.051643,29,0.425287,0.258146,0.0,1.0,4.998704
Russia-Ukraine,GOLD,standalone_fanogan,125,4,0.481026,0.051868,29,0.442529,0.3922,0.0,1.0,7.561509
Russia-Ukraine,GOLD,tranad,125,4,0.327692,0.048296,29,0.373563,0.330809,0.0,1.0,6.849558
Russia-Ukraine,GOLD,usad,125,4,0.31641,0.047782,29,0.293103,0.306689,0.0,0.75,6.41847
Russia-Ukraine,GOLD,vae,125,4,0.588205,0.05078,29,0.522989,0.423103,0.0,1.0,8.332038
Russia-Ukraine,EURUSD,anomaly_transformer,130,4,0.515388,0.0508,32,0.476562,0.421336,0.0,1.0,8.294007
Russia-Ukraine,EURUSD,autoencoder,130,4,0.398674,0.049611,32,0.395833,0.409891,0.0,1.0,8.262128
Russia-Ukraine,EURUSD,cnn_autoencoder,130,4,0.333097,0.047414,32,0.338542,0.373841,0.0,1.0,7.884579
Russia-Ukraine,EURUSD,dagmm,130,4,0.485559,0.050819,32,0.458333,0.304536,0.0,1.0,5.992551
Russia-Ukraine,EURUSD,deep_svdd,130,4,0.380445,0.049114,32,0.40625,0.407562,0.0,1.0,8.298253
Russia-Ukraine,EURUSD,hybrid2,130,4,0.415246,0.049988,32,0.442708,0.424094,0.0,1.0,8.483888
Russia-Ukraine,EURUSD,isolation_forest,130,4,0.455729,0.050617,32,0.411458,0.3373,0.0,1.0,6.663716
Russia-Ukraine,EURUSD,omnianomaly,130,4,0.510417,0.050819,32,0.5,0.359211,0.0,1.0,7.068494
Russia-Ukraine,EURUSD,one_class_svm,130,4,0.479167,0.050794,32,0.518229,0.409746,0.0,1.0,8.066752
Russia-Ukraine,EURUSD,standalone_fanogan,130,4,0.415246,0.049988,32,0.442708,0.424094,0.0,1.0,8.483888
Russia-Ukraine,EURUSD,tranad,130,4,0.413352,0.049949,32,0.393229,0.395559,0.0,1.0,7.919329
Russia-Ukraine,EURUSD,usad,130,4,0.509943,0.05082,32,0.447917,0.23736,0.0,1.0,4.670596
Russia-Ukraine,EURUSD,vae,130,4,0.414536,0.049973,32,0.40625,0.346352,0.0,1.0,6.930726
Chinese,USOIL,anomaly_transformer,147,4,0.445455,0.047406,32,0.489583,0.357805,0.0,1.0,7.54771
Chinese,USOIL,autoencoder,147,4,0.340074,0.044574,32,0.369792,0.318161,0.0,1.0,7.137781
Chinese,USOIL,cnn_autoencoder,147,4,0.264193,0.040789,32,0.260417,0.270859,0.0,0.666667,6.640426
Chinese,USOIL,dagmm,147,4,0.442115,0.047357,32,0.40625,0.310184,0.0,1.0,6.549933
Chinese,USOIL,deep_svdd,147,4,0.376438,0.045857,32,0.369792,0.329234,0.0,1.0,7.179635
Chinese,USOIL,hybrid2,147,4,0.368275,0.045597,32,0.361979,0.301289,0.0,1.0,6.607587
Chinese,USOIL,isolation_forest,147,4,0.420037,0.046967,32,0.442708,0.37234,0.0,1.0,7.927618
Chinese,USOIL,omnianomaly,147,4,0.535807,0.047739,32,0.541667,0.366618,0.0,1.0,7.67956
Chinese,USOIL,one_class_svm,147,4,0.658627,0.04509,32,0.604167,0.368446,0.0,1.0,8.171379
Chinese,USOIL,standalone_fanogan,147,4,0.368275,0.045597,32,0.361979,0.301289,0.0,1.0,6.607587
Chinese,USOIL,tranad,147,4,0.287199,0.042103,32,0.333333,0.300835,0.0,1.0,7.145269
Chinese,USOIL,usad,147,4,0.671614,0.04459,32,0.65625,0.226741,0.333333,1.0,5.084966
Chinese,USOIL,vae,147,4,0.456772,0.047552,32,0.489583,0.370115,0.0,1.0,7.78337
Chinese,GOLD,anomaly_transformer,147,4,0.328015,0.044075,32,0.359375,0.348729,0.0,1.0,7.912126
Chinese,GOLD,autoencoder,147,4,0.341002,0.044611,32,0.393229,0.253324,0.0,1.0,5.678503
Chinese,GOLD,cnn_autoencoder,147,4,0.287755,0.042133,32,0.328125,0.220923,0.0,0.75,5.243521
Chinese,GOLD,dagmm,147,4,0.389054,0.046225,32,0.328125,0.259184,0.0,0.75,5.606979
Chinese,GOLD,deep_svdd,147,4,0.321336,0.043783,32,0.325521,0.208854,0.0,0.666667,4.770229
Chinese,GOLD,hybrid2,147,4,0.329128,0.044123,32,0.354167,0.211667,0.0,0.666667,4.797215
Chinese,GOLD,isolation_forest,147,4,0.37013,0.045658,32,0.333333,0.316086,0.0,1.0,6.922947
Chinese,GOLD,omnianomaly,147,4,0.690167,0.0438,32,0.682292,0.314265,0.0,1.0,7.175066
Chinese,GOLD,one_class_svm,147,4,0.601299,0.046783,32,0.53125,0.223757,0.0,1.0,4.782869
Chinese,GOLD,standalone_fanogan,147,4,0.329128,0.044123,32,0.354167,0.211667,0.0,0.666667,4.797215
Chinese,GOLD,tranad,147,4,0.319666,0.043708,32,0.369792,0.241279,0.0,1.0,5.520288
Chinese,GOLD,usad,147,4,0.593506,0.046951,32,0.598958,0.231325,0.0,1.0,4.927001
Chinese,GOLD,vae,147,4,0.594805,0.046924,32,0.580729,0.263084,0.0,1.0,5.60665
Chinese,EURUSD,anomaly_transformer,152,4,0.361155,0.044569,32,0.299479,0.268458,0.0,0.833333,6.023405
Chinese,EURUSD,autoencoder,152,4,0.362893,0.044629,32,0.351562,0.201622,0.0,0.666667,4.517767
Chinese,EURUSD,cnn_autoencoder,152,4,0.503391,0.047091,32,0.489583,0.335176,0.0,1.0,7.117672
Chinese,EURUSD,dagmm,152,4,0.461137,0.046832,32,0.390625,0.265587,0.0,1.0,5.671053
Chinese,EURUSD,deep_svdd,152,4,0.503565,0.047091,32,0.453125,0.31104,0.0,1.0,6.605102
Chinese,EURUSD,hybrid2,152,4,0.417145,0.046126,32,0.382812,0.176915,0.0,0.666667,3.83551
Chinese,EURUSD,isolation_forest,152,4,0.335768,0.043613,32,0.291667,0.25223,0.0,0.833333,5.783344
Chinese,EURUSD,omnianomaly,152,4,0.254738,0.039445,32,0.255208,0.267687,0.0,0.666667,6.786335
Chinese,EURUSD,one_class_svm,152,4,0.303252,0.042151,32,0.302083,0.273329,0.0,0.75,6.484495
Chinese,EURUSD,standalone_fanogan,152,4,0.417145,0.046126,32,0.382812,0.176915,0.0,0.666667,3.83551
Chinese,EURUSD,tranad,152,4,0.473831,0.046953,32,0.450521,0.252105,0.0,0.833333,5.36933
Chinese,EURUSD,usad,152,4,0.485481,0.047031,32,0.5,0.20954,0.0,0.833333,4.455338
Chinese,EURUSD,vae,152,4,0.362198,0.044605,32,0.348958,0.238008,0.0,0.833333,5.335895
Iran 2025,USOIL,anomaly_transformer,106,4,0.443561,0.057134,10,0.633333,0.291865,0.333333,1.0,5.108471
Iran 2025,USOIL,autoencoder,106,4,0.410606,0.056142,10,0.466667,0.281091,0.0,1.0,5.006831
Iran 2025,USOIL,cnn_autoencoder,106,4,0.331818,0.052497,10,0.166667,0.175682,0.0,0.333333,3.346498
Iran 2025,USOIL,dagmm,106,4,0.77197,0.049374,10,0.833333,0.175682,0.666667,1.0,3.558222
Iran 2025,USOIL,deep_svdd,106,4,0.3875,0.055261,10,0.333333,0.222222,0.0,0.666667,4.021344
Iran 2025,USOIL,hybrid2,106,4,0.642045,0.05652,10,0.933333,0.140546,0.666667,1.0,2.486657
Iran 2025,USOIL,isolation_forest,106,4,0.803788,0.046607,10,0.933333,0.140546,0.666667,1.0,3.015526
Iran 2025,USOIL,omnianomaly,106,4,0.717803,0.053097,10,1.0,0.0,1.0,1.0,0.0
Iran 2025,USOIL,one_class_svm,106,4,0.664394,0.05571,10,0.466667,0.501848,0.0,1.0,9.008214
Iran 2025,USOIL,standalone_fanogan,106,4,0.642045,0.05652,10,0.933333,0.140546,0.666667,1.0,2.486657
Iran 2025,USOIL,tranad,106,4,0.658333,0.055946,10,0.766667,0.316228,0.0,1.0,5.652409
Iran 2025,USOIL,usad,106,4,0.169697,0.038742,10,0.133333,0.172133,0.0,0.333333,4.443097
Iran 2025,USOIL,vae,106,4,0.774621,0.049161,10,1.0,0.0,1.0,1.0,0.0
Iran 2025,GOLD,anomaly_transformer,106,4,0.627652,0.056957,10,0.633333,0.245955,0.333333,1.0,4.318231
Iran 2025,GOLD,autoencoder,106,4,0.597727,0.057662,10,0.6,0.306312,0.333333,1.0,5.312231
Iran 2025,GOLD,cnn_autoencoder,106,4,0.612121,0.057357,10,0.6,0.210819,0.333333,1.0,3.675547
Iran 2025,GOLD,dagmm,106,4,0.277273,0.048876,10,0.366667,0.331476,0.0,1.0,6.781923
Iran 2025,GOLD,deep_svdd,106,4,0.557955,0.058182,10,0.5,0.175682,0.333333,0.666667,3.019536
Iran 2025,GOLD,hybrid2,106,4,0.626136,0.057,10,0.8,0.233069,0.333333,1.0,4.088951
Iran 2025,GOLD,isolation_forest,106,4,0.495076,0.058067,10,0.533333,0.172133,0.333333,0.666667,2.964395
Iran 2025,GOLD,omnianomaly,106,4,0.249242,0.046642,10,0.533333,0.358323,0.0,1.0,7.682453
Iran 2025,GOLD,one_class_svm,106,4,0.30947,0.051126,10,0.433333,0.224983,0.333333,1.0,4.400521
Iran 2025,GOLD,standalone_fanogan,106,4,0.626136,0.057,10,0.8,0.233069,0.333333,1.0,4.088951
Iran 2025,GOLD,tranad,106,4,0.454545,0.057396,10,0.5,0.235702,0.333333,1.0,4.106627
Iran 2025,GOLD,usad,106,4,0.471591,0.057735,10,0.366667,0.366835,0.0,1.0,6.353824
Iran 2025,GOLD,vae,106,4,0.524621,0.058262,10,0.433333,0.224983,0.0,0.666667,3.861575
Iran 2025,EURUSD,anomaly_transformer,107,4,0.289357,0.049469,11,0.0,0.0,0.0,0.0,0.0
Iran 2025,EURUSD,autoencoder,107,4,0.128603,0.033459,11,0.0,0.0,0.0,0.0,0.0
Iran 2025,EURUSD,cnn_autoencoder,107,4,0.035846,0.017096,11,0.0,0.0,0.0,0.0,0.0
Iran 2025,EURUSD,dagmm,107,4,0.31966,0.051452,11,0.212121,0.308139,0.0,0.666667,5.988804
Iran 2025,EURUSD,deep_svdd,107,4,0.103843,0.029913,11,0.030303,0.100504,0.0,0.333333,3.359815
Iran 2025,EURUSD,hybrid2,107,4,0.18847,0.040645,11,0.0,0.0,0.0,0.0,0.0
Iran 2025,EURUSD,isolation_forest,107,4,0.273097,0.048285,11,0.030303,0.100504,0.0,0.333333,2.081465
Iran 2025,EURUSD,omnianomaly,107,4,0.702513,0.053451,11,0.727273,0.13484,0.666667,1.0,2.5227
Iran 2025,EURUSD,one_class_svm,107,4,0.254619,0.046834,11,0.060606,0.13484,0.0,0.333333,2.879104
Iran 2025,EURUSD,standalone_fanogan,107,4,0.18847,0.040645,11,0.0,0.0,0.0,0.0,0.0
Iran 2025,EURUSD,tranad,107,4,0.297118,0.050005,11,0.0,0.0,0.0,0.0,0.0
Iran 2025,EURUSD,usad,107,4,0.285661,0.049208,11,0.272727,0.13484,0.0,0.333333,2.740225
Iran 2025,EURUSD,vae,107,4,0.34405,0.052844,11,0.060606,0.13484,0.0,0.333333,2.551653
