null_pct,mode,strategy,event,asset,method,final_return_pct,bah_pct,delta_pct,alarm_rate,days_in_market,n_endpoints,start_date,end_date,first_alarm,lead_days,method_order
0.3475,as reported,first_alarm,COVID-19,EURUSD,IF,-0.352862,5.395292,-5.748154,0.184211,0.046358,152,2020-01-14,2020-08-12,2020-01-23,20.0,0
0.4775,as reported,first_alarm,COVID-19,EURUSD,OCS,-0.043409,5.395292,-5.438701,0.276316,0.006623,152,2020-01-14,2020-08-12,2020-01-15,26.0,1
0.5,as reported,first_alarm,COVID-19,EURUSD,DSV,0.0,5.395292,-5.395292,0.203947,0.0,152,2020-01-14,2020-08-12,2020-01-14,27.0,2
0.5,as reported,first_alarm,COVID-19,EURUSD,DAG,2.247603,5.395292,-3.147689,0.25,0.258278,152,2020-01-14,2020-08-12,2020-03-09,-12.0,3
0.315,as reported,first_alarm,COVID-19,EURUSD,OMNI,-0.352862,5.395292,-5.748154,0.177632,0.046358,152,2020-01-14,2020-08-12,2020-01-23,20.0,4
0.1,as reported,first_alarm,COVID-19,EURUSD,USAD,-2.601953,5.395292,-7.997245,0.019737,0.152318,152,2020-01-14,2020-08-12,2020-02-14,4.0,5
0.455,as reported,first_alarm,COVID-19,EURUSD,TR,-0.043409,5.395292,-5.438701,0.092105,0.006623,152,2020-01-14,2020-08-12,2020-01-15,26.0,6
0.605,as reported,first_alarm,COVID-19,EURUSD,AT,0.164077,5.395292,-5.231214,0.276316,0.013245,152,2020-01-14,2020-08-12,2020-01-16,25.0,7
0.3925,as reported,first_alarm,COVID-19,EURUSD,EXP,-0.043409,5.395292,-5.438701,0.138158,0.006623,152,2020-01-14,2020-08-12,2020-01-15,26.0,8
0.3475,as reported,first_alarm,COVID-19,EURUSD,ENST,-0.352862,5.395292,-5.748154,0.098684,0.046358,152,2020-01-14,2020-08-12,2020-01-23,20.0,10
0.7225,as reported,first_alarm,COVID-19,GOLD,IF,6.171722,26.320203,-20.148481,0.047945,0.165517,146,2020-01-16,2020-08-13,2020-02-21,-1.0,0
0.7875,as reported,first_alarm,COVID-19,GOLD,OCS,7.966432,26.320203,-18.353772,0.212329,0.172414,146,2020-01-16,2020-08-13,2020-02-24,-2.0,1
0.3525,as reported,first_alarm,COVID-19,GOLD,DSV,1.684956,26.320203,-24.635247,0.376712,0.131034,146,2020-01-16,2020-08-13,2020-02-13,4.0,2
0.7325,as reported,first_alarm,COVID-19,GOLD,DAG,6.171722,26.320203,-20.148481,0.034247,0.165517,146,2020-01-16,2020-08-13,2020-02-21,-1.0,3
0.5,as reported,first_alarm,COVID-19,GOLD,OMNI,0.0,26.320203,-26.320203,0.068493,0.0,146,2020-01-16,2020-08-13,2020-01-16,23.0,4
0.4725,as reported,first_alarm,COVID-19,GOLD,USAD,3.292447,26.320203,-23.027757,0.061644,0.144828,146,2020-01-16,2020-08-13,2020-02-18,2.0,5
0.6425,as reported,first_alarm,COVID-19,GOLD,TR,7.178822,26.320203,-19.141382,0.10274,0.317241,146,2020-01-16,2020-08-13,2020-03-24,-23.0,6
0.565,as reported,first_alarm,COVID-19,GOLD,AT,4.364104,26.320203,-21.956099,0.191781,0.158621,146,2020-01-16,2020-08-13,2020-02-20,0.0,7
0.3575,as reported,first_alarm,COVID-19,GOLD,EXP,2.795355,26.320203,-23.524848,0.321918,0.206897,146,2020-01-16,2020-08-13,2020-03-02,-7.0,8
0.5,as reported,first_alarm,COVID-19,GOLD,ENST,0.0,26.320203,-26.320203,0.493151,0.0,146,2020-01-16,2020-08-13,2020-01-16,23.0,10
0.4525,as reported,first_alarm,COVID-19,USOIL,IF,-0.307588,-78.921289,78.613701,0.260274,0.013793,146,2020-01-16,2020-08-13,2020-01-21,21.0,0
0.4575,as reported,first_alarm,COVID-19,USOIL,OCS,-0.307588,-78.921289,78.613701,0.130137,0.013793,146,2020-01-16,2020-08-13,2020-01-21,21.0,1
0.425,as reported,first_alarm,COVID-19,USOIL,DSV,-66.045795,-78.921289,12.875493,0.205479,0.42069,146,2020-01-16,2020-08-13,2020-04-15,-38.0,2
0.5975,as reported,first_alarm,COVID-19,USOIL,DAG,-41.28503,-78.921289,37.636258,0.280822,0.248276,146,2020-01-16,2020-08-13,2020-03-10,-13.0,3
0.495,as reported,first_alarm,COVID-19,USOIL,OMNI,-55.43404,-78.921289,23.487248,0.054795,0.37931,146,2020-01-16,2020-08-13,2020-04-06,-32.0,4
0.28,as reported,first_alarm,COVID-19,USOIL,USAD,-7.399183,-78.921289,71.522106,0.047945,0.034483,146,2020-01-16,2020-08-13,2020-01-24,18.0,5
0.0,as reported,first_alarm,COVID-19,USOIL,TR,-79.894383,-78.921289,-0.973094,0.006849,0.848276,146,2020-01-16,2020-08-13,2020-07-14,-100.0,6
0.4875,as reported,first_alarm,COVID-19,USOIL,AT,-0.307588,-78.921289,78.613701,0.171233,0.013793,146,2020-01-16,2020-08-13,2020-01-21,21.0,7
0.0,as reported,first_alarm,COVID-19,USOIL,EXP,-80.228729,-78.921289,-1.30744,0.041096,0.827586,146,2020-01-16,2020-08-13,2020-07-09,-97.0,8
0.43,as reported,first_alarm,COVID-19,USOIL,ENST,-0.307588,-78.921289,78.613701,0.226027,0.013793,146,2020-01-16,2020-08-13,2020-01-21,21.0,10
0.05,as reported,first_alarm,Chinese,EURUSD,IF,-1.774905,-3.789089,2.014184,0.072368,0.072848,152,2023-07-14,2024-02-12,2023-07-31,5.0,0
0.005,as reported,first_alarm,Chinese,EURUSD,OCS,-2.180378,-3.789089,1.608711,0.092105,0.066225,152,2023-07-14,2024-02-12,2023-07-28,6.0,1
0.0225,as reported,first_alarm,Chinese,EURUSD,DSV,-5.675412,-3.789089,-1.886323,0.092105,0.463576,152,2023-07-14,2024-02-12,2023-10-20,-54.0,2
0.5,as reported,first_alarm,Chinese,EURUSD,DAG,0.0,-3.789089,3.789089,0.125,0.0,152,2023-07-14,2024-02-12,2023-07-14,16.0,3
0.0075,as reported,first_alarm,Chinese,EURUSD,OMNI,-2.180378,-3.789089,1.608711,0.092105,0.066225,152,2023-07-14,2024-02-12,2023-07-28,6.0,4
0.5,as reported,first_alarm,Chinese,EURUSD,USAD,-3.789089,-3.789089,0.0,0.0,1.0,152,2023-07-14,2024-02-12,,,5
0.5,as reported,first_alarm,Chinese,EURUSD,TR,-3.789089,-3.789089,0.0,0.0,1.0,152,2023-07-14,2024-02-12,,,6
0.5,as reported,first_alarm,Chinese,EURUSD,AT,0.0,-3.789089,3.789089,0.355263,0.0,152,2023-07-14,2024-02-12,2023-07-14,16.0,7
0.0,as reported,first_alarm,Chinese,EURUSD,EXP,-5.384937,-3.789089,-1.595848,0.065789,0.529801,152,2023-07-14,2024-02-12,2023-11-03,-64.0,8
0.0,as reported,first_alarm,Chinese,EURUSD,ENST,-2.180378,-3.789089,1.608711,0.342105,0.066225,152,2023-07-14,2024-02-12,2023-07-28,6.0,10
0.5,as reported,first_alarm,Chinese,GOLD,IF,0.662558,0.662558,0.0,0.0,1.0,147,2023-07-18,2024-02-14,,,0
0.2275,as reported,first_alarm,Chinese,GOLD,OCS,-2.210194,0.662558,-2.872752,0.040816,0.09589,147,2023-07-18,2024-02-14,2023-08-07,0.0,1
0.54,as reported,first_alarm,Chinese,GOLD,DSV,0.015175,0.662558,-0.647383,0.14966,0.006849,147,2023-07-18,2024-02-14,2023-07-19,13.0,2
0.0675,as reported,first_alarm,Chinese,GOLD,DAG,-2.989074,0.662558,-3.651632,0.020408,0.239726,147,2023-07-18,2024-02-14,2023-09-06,-21.0,3
0.3525,as reported,first_alarm,Chinese,GOLD,OMNI,-0.450127,0.662558,-1.112685,0.068027,0.013699,147,2023-07-18,2024-02-14,2023-07-20,12.0,4
0.085,as reported,first_alarm,Chinese,GOLD,USAD,-5.340885,0.662558,-6.003443,0.020408,0.342466,147,2023-07-18,2024-02-14,2023-09-27,-36.0,5
0.5,as reported,first_alarm,Chinese,GOLD,TR,0.662558,0.662558,0.0,0.0,1.0,147,2023-07-18,2024-02-14,,,6
0.5,as reported,first_alarm,Chinese,GOLD,AT,0.0,0.662558,-0.662558,0.52381,0.0,147,2023-07-18,2024-02-14,2023-07-18,14.0,7
0.19,as reported,first_alarm,Chinese,GOLD,EXP,-2.012944,0.662558,-2.675502,0.142857,0.075342,147,2023-07-18,2024-02-14,2023-08-02,3.0,8
0.5,as reported,first_alarm,Chinese,GOLD,ENST,0.0,0.662558,-0.662558,0.414966,0.0,147,2023-07-18,2024-02-14,2023-07-18,14.0,10
0.98,as reported,first_alarm,Chinese,USOIL,IF,15.564358,1.174917,14.389441,0.027211,0.239726,147,2023-07-18,2024-02-14,2023-09-06,-21.0,0
0.9775,as reported,first_alarm,Chinese,USOIL,OCS,15.564358,1.174917,14.389441,0.034014,0.239726,147,2023-07-18,2024-02-14,2023-09-06,-21.0,1
0.985,as reported,first_alarm,Chinese,USOIL,DSV,15.564358,1.174917,14.389441,0.183673,0.239726,147,2023-07-18,2024-02-14,2023-09-06,-21.0,2
0.98,as reported,first_alarm,Chinese,USOIL,DAG,15.564358,1.174917,14.389441,0.013605,0.239726,147,2023-07-18,2024-02-14,2023-09-06,-21.0,3
0.975,as reported,first_alarm,Chinese,USOIL,OMNI,15.564358,1.174917,14.389441,0.07483,0.239726,147,2023-07-18,2024-02-14,2023-09-06,-21.0,4
0.69,as reported,first_alarm,Chinese,USOIL,USAD,7.141919,1.174917,5.967002,0.027211,0.205479,147,2023-07-18,2024-02-14,2023-08-29,-16.0,5
0.1325,as reported,first_alarm,Chinese,USOIL,TR,-4.58086,1.174917,-5.755776,0.027211,0.945205,147,2023-07-18,2024-02-14,2024-02-02,-124.0,6
0.75,as reported,first_alarm,Chinese,USOIL,AT,7.762373,1.174917,6.587456,0.462585,0.212329,147,2023-07-18,2024-02-14,2023-08-30,-17.0,7
0.9425,as reported,first_alarm,Chinese,USOIL,EXP,14.402645,1.174917,13.227728,0.07483,0.431507,147,2023-07-18,2024-02-14,2023-10-16,-49.0,8
0.8525,as reported,first_alarm,Chinese,USOIL,ENST,10.402637,1.174917,9.22772,0.394558,0.219178,147,2023-07-18,2024-02-14,2023-08-31,-18.0,10
0.93,as reported,first_alarm,Iran 2025,EURUSD,IF,5.346065,3.660559,1.685506,0.056075,0.849057,107,2025-05-16,2025-10-13,2025-09-19,-71.0,0
0.7775,as reported,first_alarm,Iran 2025,EURUSD,OCS,0.796497,3.660559,-2.864062,0.11215,0.04717,107,2025-05-16,2025-10-13,2025-05-23,14.0,1
0.9325,as reported,first_alarm,Iran 2025,EURUSD,DSV,4.10141,3.660559,0.440851,0.065421,0.650943,107,2025-05-16,2025-10-13,2025-08-21,-50.0,2
0.95,as reported,first_alarm,Iran 2025,EURUSD,DAG,6.063907,3.660559,2.403348,0.028037,0.830189,107,2025-05-16,2025-10-13,2025-09-17,-69.0,3
0.94,as reported,first_alarm,Iran 2025,EURUSD,OMNI,5.346065,3.660559,1.685506,0.018692,0.849057,107,2025-05-16,2025-10-13,2025-09-19,-71.0,4
0.4025,as reported,first_alarm,Iran 2025,EURUSD,USAD,-0.045872,3.660559,-3.706431,0.252336,0.009434,107,2025-05-16,2025-10-13,2025-05-19,18.0,5
0.6625,as reported,first_alarm,Iran 2025,EURUSD,TR,3.92462,3.660559,0.264061,0.009346,0.981132,107,2025-05-16,2025-10-13,2025-10-09,-85.0,6
0.5,as reported,first_alarm,Iran 2025,EURUSD,AT,0.0,3.660559,-3.660559,0.373832,0.0,107,2025-05-16,2025-10-13,2025-05-16,19.0,7
0.86,as reported,first_alarm,Iran 2025,EURUSD,EXP,4.650131,3.660559,0.989572,0.018692,0.764151,107,2025-05-16,2025-10-13,2025-09-08,-62.0,8
0.8225,as reported,first_alarm,Iran 2025,EURUSD,ENST,0.851103,3.660559,-2.809456,0.317757,0.028302,107,2025-05-16,2025-10-13,2025-05-21,16.0,10
0.0875,as reported,first_alarm,Iran 2025,GOLD,IF,2.878255,28.503128,-25.624874,0.037736,0.628571,106,2025-05-15,2025-10-14,2025-08-19,-47.0,0
0.595,as reported,first_alarm,Iran 2025,GOLD,OCS,2.263488,28.503128,-26.239641,0.075472,0.07619,106,2025-05-15,2025-10-14,2025-05-28,11.0,1
0.89,as reported,first_alarm,Iran 2025,GOLD,DSV,4.436928,28.503128,-24.0662,0.226415,0.057143,106,2025-05-15,2025-10-14,2025-05-23,13.0,2
0.21,as reported,first_alarm,Iran 2025,GOLD,DAG,10.205855,28.503128,-18.297274,0.075472,0.714286,106,2025-05-15,2025-10-14,2025-09-02,-56.0,3
0.2775,as reported,first_alarm,Iran 2025,GOLD,OMNI,11.565809,28.503128,-16.93732,0.122642,0.72381,106,2025-05-15,2025-10-14,2025-09-03,-57.0,4
0.69,as reported,first_alarm,Iran 2025,GOLD,USAD,2.223122,28.503128,-26.280006,0.122642,0.047619,106,2025-05-15,2025-10-14,2025-05-22,14.0,5
0.6175,as reported,first_alarm,Iran 2025,GOLD,TR,2.263488,28.503128,-26.239641,0.084906,0.07619,106,2025-05-15,2025-10-14,2025-05-28,11.0,6
0.7,as reported,first_alarm,Iran 2025,GOLD,AT,2.434258,28.503128,-26.06887,0.471698,0.066667,106,2025-05-15,2025-10-14,2025-05-27,12.0,7
0.665,as reported,first_alarm,Iran 2025,GOLD,EXP,2.434258,28.503128,-26.06887,0.084906,0.066667,106,2025-05-15,2025-10-14,2025-05-27,12.0,8
0.71,as reported,first_alarm,Iran 2025,GOLD,ENST,2.434258,28.503128,-26.06887,0.415094,0.066667,106,2025-05-15,2025-10-14,2025-05-27,12.0,10
0.5,as reported,first_alarm,Iran 2025,USOIL,IF,0.0,-4.738718,4.738718,0.396226,0.0,106,2025-05-15,2025-10-14,2025-05-15,19.0,0
0.825,as reported,first_alarm,Iran 2025,USOIL,OCS,4.462843,-4.738718,9.201561,0.301887,0.247619,106,2025-05-15,2025-10-14,2025-06-24,-7.0,1
0.5,as reported,first_alarm,Iran 2025,USOIL,DSV,0.0,-4.738718,4.738718,0.896226,0.0,106,2025-05-15,2025-10-14,2025-05-15,19.0,2
0.5,as reported,first_alarm,Iran 2025,USOIL,DAG,0.0,-4.738718,4.738718,0.283019,0.0,106,2025-05-15,2025-10-14,2025-05-15,19.0,3
0.8675,as reported,first_alarm,Iran 2025,USOIL,OMNI,5.874714,-4.738718,10.613433,0.235849,0.266667,106,2025-05-15,2025-10-14,2025-06-26,-9.0,4
0.545,as reported,first_alarm,Iran 2025,USOIL,USAD,-0.146057,-4.738718,4.592662,0.103774,0.057143,106,2025-05-15,2025-10-14,2025-05-23,13.0,5
0.8275,as reported,first_alarm,Iran 2025,USOIL,TR,5.355403,-4.738718,10.094121,0.264151,0.257143,106,2025-05-15,2025-10-14,2025-06-25,-8.0,6
0.5,as reported,first_alarm,Iran 2025,USOIL,AT,0.0,-4.738718,4.738718,1.0,0.0,106,2025-05-15,2025-10-14,2025-05-15,19.0,7
0.9025,as reported,first_alarm,Iran 2025,USOIL,EXP,8.730933,-4.738718,13.469652,0.245283,0.314286,106,2025-05-15,2025-10-14,2025-07-03,-14.0,8
0.815,as reported,first_alarm,Iran 2025,USOIL,ENST,5.355403,-4.738718,10.094121,0.330189,0.257143,106,2025-05-15,2025-10-14,2025-06-25,-8.0,10
0.655,as reported,first_alarm,Iran 2026,EURUSD,IF,-0.882558,-2.375619,1.49306,0.02439,0.4,41,2026-05-14,2026-07-09,2026-06-05,5.0,0
0.6625,as reported,first_alarm,Iran 2026,EURUSD,OCS,-0.882558,-2.375619,1.49306,0.170732,0.4,41,2026-05-14,2026-07-09,2026-06-05,5.0,1
0.5,as reported,first_alarm,Iran 2026,EURUSD,DSV,0.0,-2.375619,2.375619,0.609756,0.0,41,2026-05-14,2026-07-09,2026-05-14,21.0,2
0.32,as reported,first_alarm,Iran 2026,EURUSD,DAG,-0.67148,-2.375619,1.704138,0.02439,0.2,41,2026-05-14,2026-07-09,2026-05-26,13.0,3
0.5,as reported,first_alarm,Iran 2026,EURUSD,OMNI,-2.375619,-2.375619,0.0,0.0,1.0,41,2026-05-14,2026-07-09,,,4
0.14,as reported,first_alarm,Iran 2026,EURUSD,USAD,-0.929729,-2.375619,1.44589,0.097561,0.1,41,2026-05-14,2026-07-09,2026-05-20,17.0,5
0.5,as reported,first_alarm,Iran 2026,EURUSD,TR,-2.375619,-2.375619,0.0,0.0,1.0,41,2026-05-14,2026-07-09,,,6
0.5,as reported,first_alarm,Iran 2026,EURUSD,AT,0.0,-2.375619,2.375619,1.0,0.0,41,2026-05-14,2026-07-09,2026-05-14,21.0,7
0.245,as reported,first_alarm,Iran 2026,EURUSD,EXP,-0.809991,-2.375619,1.565628,0.02439,0.15,41,2026-05-14,2026-07-09,2026-05-22,15.0,8
0.0725,as reported,first_alarm,Iran 2026,EURUSD,ENST,-0.460647,-2.375619,1.914972,0.243902,0.025,41,2026-05-14,2026-07-09,2026-05-15,20.0,10
0.5,as reported,first_alarm,Iran 2026,GOLD,IF,-9.47363,-9.47363,0.0,0.0,1.0,37,2026-05-15,2026-07-09,,,0
0.915,as reported,first_alarm,Iran 2026,GOLD,OCS,-1.756003,-9.47363,7.717626,0.027027,0.361111,37,2026-05-15,2026-07-09,2026-06-04,6.0,1
0.5,as reported,first_alarm,Iran 2026,GOLD,DSV,0.0,-9.47363,9.47363,0.648649,0.0,37,2026-05-15,2026-07-09,2026-05-15,19.0,2
0.0,as reported,first_alarm,Iran 2026,GOLD,DAG,-10.643574,-9.47363,-1.169944,0.027027,0.972222,37,2026-05-15,2026-07-09,2026-07-08,-16.0,3
0.905,as reported,first_alarm,Iran 2026,GOLD,OMNI,-1.756003,-9.47363,7.717626,0.027027,0.361111,37,2026-05-15,2026-07-09,2026-06-04,6.0,4
0.5,as reported,first_alarm,Iran 2026,GOLD,USAD,-9.47363,-9.47363,0.0,0.0,1.0,37,2026-05-15,2026-07-09,,,5
0.93,as reported,first_alarm,Iran 2026,GOLD,TR,-1.756003,-9.47363,7.717626,0.027027,0.361111,37,2026-05-15,2026-07-09,2026-06-04,6.0,6
0.5,as reported,first_alarm,Iran 2026,GOLD,AT,0.0,-9.47363,9.47363,1.0,0.0,37,2026-05-15,2026-07-09,2026-05-15,19.0,7
0.935,as reported,first_alarm,Iran 2026,GOLD,EXP,-1.756003,-9.47363,7.717626,0.027027,0.361111,37,2026-05-15,2026-07-09,2026-06-04,6.0,8
0.5,as reported,first_alarm,Iran 2026,GOLD,ENST,0.0,-9.47363,9.47363,0.432432,0.0,37,2026-05-15,2026-07-09,2026-05-15,19.0,10
0.5,as reported,first_alarm,Iran 2026,USOIL,IF,-31.255926,-31.255926,0.0,0.0,1.0,37,2026-05-15,2026-07-09,,,0
0.935,as reported,first_alarm,Iran 2026,USOIL,OCS,-16.799468,-31.255926,14.456458,0.027027,0.5,37,2026-05-15,2026-07-09,2026-06-11,1.0,1
0.5,as reported,first_alarm,Iran 2026,USOIL,DSV,0.0,-31.255926,31.255926,0.540541,0.0,37,2026-05-15,2026-07-09,2026-05-15,19.0,2
0.5,as reported,first_alarm,Iran 2026,USOIL,DAG,-31.255926,-31.255926,0.0,0.0,1.0,37,2026-05-15,2026-07-09,,,3
0.5,as reported,first_alarm,Iran 2026,USOIL,OMNI,-31.255926,-31.255926,0.0,0.0,1.0,37,2026-05-15,2026-07-09,,,4
0.5,as reported,first_alarm,Iran 2026,USOIL,USAD,-31.255926,-31.255926,0.0,0.0,1.0,37,2026-05-15,2026-07-09,,,5
0.5,as reported,first_alarm,Iran 2026,USOIL,TR,-31.255926,-31.255926,0.0,0.0,1.0,37,2026-05-15,2026-07-09,,,6
0.5,as reported,first_alarm,Iran 2026,USOIL,AT,0.0,-31.255926,31.255926,1.0,0.0,37,2026-05-15,2026-07-09,2026-05-15,19.0,7
0.23,as reported,first_alarm,Iran 2026,USOIL,EXP,-10.937203,-31.255926,20.318724,0.297297,0.166667,37,2026-05-15,2026-07-09,2026-05-26,13.0,8
0.945,as reported,first_alarm,Iran 2026,USOIL,ENST,3.073426,-31.255926,34.329352,0.351351,0.027778,37,2026-05-15,2026-07-09,2026-05-18,18.0,10
0.035,as reported,first_alarm,Normal 2019,EURUSD,IF,-1.744873,-2.664336,0.919463,0.121212,0.564885,132,2019-08-13,2020-02-12,2019-11-25,,0
0.07,as reported,first_alarm,Normal 2019,EURUSD,OCS,-1.074267,-2.664336,1.590069,0.257576,0.045802,132,2019-08-13,2020-02-12,2019-08-21,,1
0.5,as reported,first_alarm,Normal 2019,EURUSD,DSV,0.0,-2.664336,2.664336,0.992424,0.0,132,2019-08-13,2020-02-12,2019-08-13,,2
0.065,as reported,first_alarm,Normal 2019,EURUSD,DAG,-1.074267,-2.664336,1.590069,0.19697,0.045802,132,2019-08-13,2020-02-12,2019-08-21,,3
0.015,as reported,first_alarm,Normal 2019,EURUSD,OMNI,-1.143381,-2.664336,1.520955,0.151515,0.083969,132,2019-08-13,2020-02-12,2019-08-28,,4
0.0,as reported,first_alarm,Normal 2019,EURUSD,USAD,-2.226606,-2.664336,0.43773,0.015152,0.114504,132,2019-08-13,2020-02-12,2019-09-03,,5
0.19,as reported,first_alarm,Normal 2019,EURUSD,TR,-0.779164,-2.664336,1.885172,0.015152,0.847328,132,2019-08-13,2020-02-12,2020-01-15,,6
0.5,as reported,first_alarm,Normal 2019,EURUSD,AT,0.0,-2.664336,2.664336,0.94697,0.0,132,2019-08-13,2020-02-12,2019-08-13,,7
0.065,as reported,first_alarm,Normal 2019,EURUSD,EXP,-1.232865,-2.664336,1.431471,0.136364,0.541985,132,2019-08-13,2020-02-12,2019-11-20,,8
0.0275,as reported,first_alarm,Normal 2019,EURUSD,ENST,-0.668597,-2.664336,1.995739,0.325758,0.015267,132,2019-08-13,2020-02-12,2019-08-15,,10
0.4425,as reported,first_alarm,Normal 2019,GOLD,IF,-0.567318,4.406618,-4.973936,0.132812,0.204724,128,2019-08-14,2020-02-14,2019-09-20,,0
0.56,as reported,first_alarm,Normal 2019,GOLD,OCS,0.244076,4.406618,-4.162542,0.1875,0.007874,128,2019-08-14,2020-02-14,2019-08-15,,1
0.2325,as reported,first_alarm,Normal 2019,GOLD,DSV,-0.745435,4.406618,-5.152053,0.757812,0.03937,128,2019-08-14,2020-02-14,2019-08-21,,2
0.5925,as reported,first_alarm,Normal 2019,GOLD,DAG,0.244076,4.406618,-4.162542,0.445312,0.007874,128,2019-08-14,2020-02-14,2019-08-15,,3
0.455,as reported,first_alarm,Normal 2019,GOLD,OMNI,-0.567318,4.406618,-4.973936,0.03125,0.204724,128,2019-08-14,2020-02-14,2019-09-20,,4
0.235,as reported,first_alarm,Normal 2019,GOLD,USAD,-1.134644,4.406618,-5.541263,0.03125,0.15748,128,2019-08-14,2020-02-14,2019-09-12,,5
0.435,as reported,first_alarm,Normal 2019,GOLD,TR,-0.745435,4.406618,-5.152053,0.039062,0.228346,128,2019-08-14,2020-02-14,2019-09-25,,6
0.2875,as reported,first_alarm,Normal 2019,GOLD,AT,-1.15443,4.406618,-5.561048,0.296875,0.19685,128,2019-08-14,2020-02-14,2019-09-19,,7
0.4725,as reported,first_alarm,Normal 2019,GOLD,EXP,-0.567318,4.406618,-4.973936,0.101562,0.204724,128,2019-08-14,2020-02-14,2019-09-20,,8
0.58,as reported,first_alarm,Normal 2019,GOLD,ENST,0.244076,4.406618,-4.162542,0.554688,0.007874,128,2019-08-14,2020-02-14,2019-08-15,,10
0.995,as reported,first_alarm,Normal 2019,USOIL,IF,13.887384,-5.757741,19.645125,0.28125,0.173228,128,2019-08-14,2020-02-14,2019-09-16,,0
0.455,as reported,first_alarm,Normal 2019,USOIL,OCS,0.995834,-5.757741,6.753575,0.359375,0.07874,128,2019-08-14,2020-02-14,2019-08-28,,1
0.5,as reported,first_alarm,Normal 2019,USOIL,DSV,0.0,-5.757741,5.757741,0.929688,0.0,128,2019-08-14,2020-02-14,2019-08-14,,2
0.39,as reported,first_alarm,Normal 2019,USOIL,DAG,-0.543182,-5.757741,5.214559,0.367188,0.070866,128,2019-08-14,2020-02-14,2019-08-27,,3
0.5075,as reported,first_alarm,Normal 2019,USOIL,OMNI,2.136521,-5.757741,7.894262,0.117188,0.23622,128,2019-08-14,2020-02-14,2019-09-26,,4
0.5,as reported,first_alarm,Normal 2019,USOIL,USAD,0.0,-5.757741,5.757741,0.179688,0.0,128,2019-08-14,2020-02-14,2019-08-14,,5
0.5775,as reported,first_alarm,Normal 2019,USOIL,TR,3.929028,-5.757741,9.686769,0.046875,0.141732,128,2019-08-14,2020-02-14,2019-09-10,,6
0.5675,as reported,first_alarm,Normal 2019,USOIL,AT,3.729859,-5.757741,9.4876,0.210938,0.220472,128,2019-08-14,2020-02-14,2019-09-24,,7
0.985,as reported,first_alarm,Normal 2019,USOIL,EXP,13.887384,-5.757741,19.645125,0.335938,0.173228,128,2019-08-14,2020-02-14,2019-09-16,,8
0.69,as reported,first_alarm,Normal 2019,USOIL,ENST,2.679702,-5.757741,8.437443,0.40625,0.086614,128,2019-08-14,2020-02-14,2019-08-29,,10
0.4775,as reported,first_alarm,Russia--Ukraine,EURUSD,IF,-4.86557,-12.310629,7.445059,0.015385,0.48062,130,2022-01-13,2022-07-13,2022-04-11,-41.0,0
0.7175,as reported,first_alarm,Russia--Ukraine,EURUSD,OCS,-0.175902,-12.310629,12.134727,0.153846,0.155039,130,2022-01-13,2022-07-13,2022-02-10,1.0,1
0.645,as reported,first_alarm,Russia--Ukraine,EURUSD,DSV,0.135185,-12.310629,12.445814,0.269231,0.007752,130,2022-01-13,2022-07-13,2022-01-14,20.0,2
0.5,as reported,first_alarm,Russia--Ukraine,EURUSD,DAG,0.0,-12.310629,12.310629,0.084615,0.0,130,2022-01-13,2022-07-13,2022-01-13,21.0,3
0.44,as reported,first_alarm,Russia--Ukraine,EURUSD,OMNI,-4.86557,-12.310629,7.445059,0.076923,0.48062,130,2022-01-13,2022-07-13,2022-04-11,-41.0,4
0.18,as reported,first_alarm,Russia--Ukraine,EURUSD,USAD,-2.574967,-12.310629,9.735662,0.069231,0.085271,130,2022-01-13,2022-07-13,2022-01-28,10.0,5
0.4575,as reported,first_alarm,Russia--Ukraine,EURUSD,TR,-4.86557,-12.310629,7.445059,0.007692,0.48062,130,2022-01-13,2022-07-13,2022-04-11,-41.0,6
0.5,as reported,first_alarm,Russia--Ukraine,EURUSD,AT,0.0,-12.310629,12.310629,0.392308,0.0,130,2022-01-13,2022-07-13,2022-01-13,21.0,7
0.3275,as reported,first_alarm,Russia--Ukraine,EURUSD,EXP,-0.858694,-12.310629,11.451935,0.261538,0.03876,130,2022-01-13,2022-07-13,2022-01-20,16.0,8
0.5,as reported,first_alarm,Russia--Ukraine,EURUSD,ENST,0.0,-12.310629,12.310629,0.384615,0.0,130,2022-01-13,2022-07-13,2022-01-13,21.0,10
0.8625,as reported,first_alarm,Russia--Ukraine,GOLD,IF,6.204236,-6.281309,12.485545,0.056,0.435484,125,2022-01-14,2022-07-15,2022-04-04,-35.0,0
0.8625,as reported,first_alarm,Russia--Ukraine,GOLD,OCS,0.506466,-6.281309,6.787775,0.008,0.879032,125,2022-01-14,2022-07-15,2022-06-23,-90.0,1
0.5,as reported,first_alarm,Russia--Ukraine,GOLD,DSV,0.0,-6.281309,6.281309,0.304,0.0,125,2022-01-14,2022-07-15,2022-01-14,19.0,2
0.43,as reported,first_alarm,Russia--Ukraine,GOLD,DAG,-0.743187,-6.281309,5.538121,0.016,0.104839,125,2022-01-14,2022-07-15,2022-02-03,6.0,3
0.5,as reported,first_alarm,Russia--Ukraine,GOLD,OMNI,-6.281309,-6.281309,0.0,0.0,1.0,125,2022-01-14,2022-07-15,,,4
0.95,as reported,first_alarm,Russia--Ukraine,GOLD,USAD,2.493809,-6.281309,8.775118,0.016,0.58871,125,2022-01-14,2022-07-15,2022-05-02,-54.0,5
0.4525,as reported,first_alarm,Russia--Ukraine,GOLD,TR,-0.743187,-6.281309,5.538121,0.024,0.104839,125,2022-01-14,2022-07-15,2022-02-03,6.0,6
0.415,as reported,first_alarm,Russia--Ukraine,GOLD,AT,-0.891822,-6.281309,5.389487,0.216,0.08871,125,2022-01-14,2022-07-15,2022-02-01,8.0,7
0.4525,as reported,first_alarm,Russia--Ukraine,GOLD,EXP,-0.891822,-6.281309,5.389487,0.176,0.08871,125,2022-01-14,2022-07-15,2022-02-01,8.0,8
0.45,as reported,first_alarm,Russia--Ukraine,GOLD,ENST,-0.891822,-6.281309,5.389487,0.352,0.08871,125,2022-01-14,2022-07-15,2022-02-01,8.0,10
0.96,as reported,first_alarm,Russia--Ukraine,USOIL,IF,31.949414,16.428056,15.521358,0.224,0.25,125,2022-01-14,2022-07-15,2022-03-02,-12.0,0
0.955,as reported,first_alarm,Russia--Ukraine,USOIL,OCS,31.949414,16.428056,15.521358,0.296,0.25,125,2022-01-14,2022-07-15,2022-03-02,-12.0,1
0.92,as reported,first_alarm,Russia--Ukraine,USOIL,DSV,26.485322,16.428056,10.057266,0.304,0.298387,125,2022-01-14,2022-07-15,2022-03-10,-18.0,2
0.865,as reported,first_alarm,Russia--Ukraine,USOIL,DAG,23.371515,16.428056,6.943459,0.096,0.241935,125,2022-01-14,2022-07-15,2022-03-01,-11.0,3
0.9525,as reported,first_alarm,Russia--Ukraine,USOIL,OMNI,31.949414,16.428056,15.521358,0.16,0.25,125,2022-01-14,2022-07-15,2022-03-02,-12.0,4
0.5,as reported,first_alarm,Russia--Ukraine,USOIL,USAD,16.428056,16.428056,0.0,0.0,1.0,125,2022-01-14,2022-07-15,,,5
0.7125,as reported,first_alarm,Russia--Ukraine,USOIL,TR,21.772847,16.428056,5.34479,0.056,0.540323,125,2022-01-14,2022-07-15,2022-04-22,-48.0,6
0.9675,as reported,first_alarm,Russia--Ukraine,USOIL,AT,31.949414,16.428056,15.521358,0.392,0.25,125,2022-01-14,2022-07-15,2022-03-02,-12.0,7
0.985,as reported,first_alarm,Russia--Ukraine,USOIL,EXP,33.762829,16.428056,17.334773,0.192,0.354839,125,2022-01-14,2022-07-15,2022-03-21,-25.0,8
0.9475,as reported,first_alarm,Russia--Ukraine,USOIL,ENST,31.949414,16.428056,15.521358,0.376,0.25,125,2022-01-14,2022-07-15,2022-03-02,-12.0,10
