window,w_max,mapping,held_out,seed,auc,n,prevalence,n_eff,img_size,epochs
16,64,cosine,COVID-19,0,0.6007395690834473,444,0.38738738738738737,27.75,32,20
16,64,cosine,COVID-19,1,0.6185661764705882,444,0.38738738738738737,27.75,32,20
16,64,cosine,COVID-19,2,0.5398854309165527,444,0.38738738738738737,27.75,32,20
16,64,cosine,Russia-Ukraine,0,0.5746738117427772,380,0.3894736842105263,23.75,32,20
16,64,cosine,Russia-Ukraine,1,0.5689363932898416,380,0.3894736842105263,23.75,32,20
16,64,cosine,Russia-Ukraine,2,0.5765377446411929,380,0.3894736842105263,23.75,32,20
16,64,cosine,Chinese,0,0.509722734071842,446,0.3654708520179372,27.875,32,20
16,64,cosine,Chinese,1,0.5067744802618743,446,0.3654708520179372,27.875,32,20
16,64,cosine,Chinese,2,0.5143402198183356,446,0.3654708520179372,27.875,32,20
16,64,cosine,Iran 2025,0,0.5963915803541597,319,0.22884012539184953,19.9375,32,20
16,64,cosine,Iran 2025,1,0.5919367412852211,319,0.22884012539184953,19.9375,32,20
16,64,cosine,Iran 2025,2,0.59800645951665,319,0.22884012539184953,19.9375,32,20
16,64,arctan,COVID-19,0,0.5174632352941176,444,0.38738738738738737,27.75,32,20
16,64,arctan,COVID-19,1,0.5238115595075239,444,0.38738738738738737,27.75,32,20
16,64,arctan,COVID-19,2,0.52218707250342,444,0.38738738738738737,27.75,32,20
16,64,arctan,Russia-Ukraine,0,0.566256989748369,380,0.3894736842105263,23.75,32,20
16,64,arctan,Russia-Ukraine,1,0.6313490214352283,380,0.3894736842105263,23.75,32,20
16,64,arctan,Russia-Ukraine,2,0.5652085274930102,380,0.3894736842105263,23.75,32,20
16,64,arctan,Chinese,0,0.5658479481454183,446,0.3654708520179372,27.875,32,20
16,64,arctan,Chinese,1,0.5832122959526546,446,0.3654708520179372,27.875,32,20
16,64,arctan,Chinese,2,0.5481367469487741,446,0.3654708520179372,27.875,32,20
16,64,arctan,Iran 2025,0,0.49716004009355164,319,0.22884012539184953,19.9375,32,20
16,64,arctan,Iran 2025,1,0.5422096001781935,319,0.22884012539184953,19.9375,32,20
16,64,arctan,Iran 2025,2,0.525448268181312,319,0.22884012539184953,19.9375,32,20
16,64,arccosh,COVID-19,0,0.5632481190150479,444,0.38738738738738737,27.75,32,20
16,64,arccosh,COVID-19,1,0.5549119357045144,444,0.38738738738738737,27.75,32,20
16,64,arccosh,COVID-19,2,0.5650649794801642,444,0.38738738738738737,27.75,32,20
16,64,arccosh,Russia-Ukraine,0,0.6148939888164026,380,0.3894736842105263,23.75,32,20
16,64,arccosh,Russia-Ukraine,1,0.626485321528425,380,0.3894736842105263,23.75,32,20
16,64,arccosh,Russia-Ukraine,2,0.6211556383970177,380,0.3894736842105263,23.75,32,20
16,64,arccosh,Chinese,0,0.5658045914717423,446,0.3654708520179372,27.875,32,20
16,64,arccosh,Chinese,1,0.5711374623338897,446,0.3654708520179372,27.875,32,20
16,64,arccosh,Chinese,2,0.5554206681263414,446,0.3654708520179372,27.875,32,20
16,64,arccosh,Iran 2025,0,0.5280098006459517,319,0.22884012539184953,19.9375,32,20
16,64,arccosh,Iran 2025,1,0.5420982292014701,319,0.22884012539184953,19.9375,32,20
16,64,arccosh,Iran 2025,2,0.5363626239002116,319,0.22884012539184953,19.9375,32,20
16,64,exponential,COVID-19,0,0.6333575581395349,444,0.38738738738738737,27.75,32,20
16,64,exponential,COVID-19,1,0.6388081395348837,444,0.38738738738738737,27.75,32,20
16,64,exponential,COVID-19,2,0.6248931258549931,444,0.38738738738738737,27.75,32,20
16,64,exponential,Russia-Ukraine,0,0.6569198508853681,380,0.3894736842105263,23.75,32,20
16,64,exponential,Russia-Ukraine,1,0.6425326188257223,380,0.3894736842105263,23.75,32,20
16,64,exponential,Russia-Ukraine,2,0.6552306616961789,380,0.3894736842105263,23.75,32,20
16,64,exponential,Chinese,0,0.49545838843243944,446,0.3654708520179372,27.875,32,20
16,64,exponential,Chinese,1,0.500661189273559,446,0.3654708520179372,27.875,32,20
16,64,exponential,Chinese,2,0.4960870602007414,446,0.3654708520179372,27.875,32,20
16,64,exponential,Iran 2025,0,0.5914355718899654,319,0.22884012539184953,19.9375,32,20
16,64,exponential,Iran 2025,1,0.5968370642610535,319,0.22884012539184953,19.9375,32,20
16,64,exponential,Iran 2025,2,0.5949994431451164,319,0.22884012539184953,19.9375,32,20
32,64,cosine,COVID-19,0,0.5926948051948052,444,0.4954954954954955,13.875,32,20
32,64,cosine,COVID-19,1,0.5862012987012987,444,0.4954954954954955,13.875,32,20
32,64,cosine,COVID-19,2,0.5789772727272727,444,0.4954954954954955,13.875,32,20
32,64,cosine,Russia-Ukraine,0,0.6020130878438332,380,0.5157894736842106,11.875,32,20
32,64,cosine,Russia-Ukraine,1,0.596023735581189,380,0.5157894736842106,11.875,32,20
32,64,cosine,Russia-Ukraine,2,0.5970219609582964,380,0.5157894736842106,11.875,32,20
32,64,cosine,Chinese,0,0.6116164162549158,446,0.4730941704035874,13.9375,32,20
32,64,cosine,Chinese,1,0.6156902288998689,446,0.4730941704035874,13.9375,32,20
32,64,cosine,Chinese,2,0.6275486538267622,446,0.4730941704035874,13.9375,32,20
32,64,cosine,Iran 2025,0,0.560063444360965,319,0.3793103448275862,9.96875,32,20
32,64,cosine,Iran 2025,1,0.5672426746806912,319,0.3793103448275862,9.96875,32,20
32,64,cosine,Iran 2025,2,0.5975039652725603,319,0.3793103448275862,9.96875,32,20
32,64,arctan,COVID-19,0,0.5488839285714285,444,0.4954954954954955,13.875,32,20
32,64,arctan,COVID-19,1,0.5190543831168831,444,0.4954954954954955,13.875,32,20
32,64,arctan,COVID-19,2,0.5363433441558442,444,0.4954954954954955,13.875,32,20
32,64,arctan,Russia-Ukraine,0,0.3931066992014197,380,0.5157894736842106,11.875,32,20
32,64,arctan,Russia-Ukraine,1,0.43733362910381546,380,0.5157894736842106,11.875,32,20
32,64,arctan,Russia-Ukraine,2,0.4190051020408163,380,0.5157894736842106,11.875,32,20
32,64,arctan,Chinese,0,0.5983261066854896,446,0.4730941704035874,13.9375,32,20
32,64,arctan,Chinese,1,0.4892205304023394,446,0.4730941704035874,13.9375,32,20
32,64,arctan,Chinese,2,0.5850761318947262,446,0.4730941704035874,13.9375,32,20
32,64,arctan,Iran 2025,0,0.48221888304532934,319,0.3793103448275862,9.96875,32,20
32,64,arctan,Iran 2025,1,0.5123132147925537,319,0.3793103448275862,9.96875,32,20
32,64,arctan,Iran 2025,2,0.46489690291343183,319,0.3793103448275862,9.96875,32,20
32,64,arccosh,COVID-19,0,0.5145900974025974,444,0.4954954954954955,13.875,32,20
32,64,arccosh,COVID-19,1,0.5142857142857142,444,0.4954954954954955,13.875,32,20
32,64,arccosh,COVID-19,2,0.48323863636363634,444,0.4954954954954955,13.875,32,20
32,64,arccosh,Russia-Ukraine,0,0.5369066104702751,380,0.5157894736842106,11.875,32,20
32,64,arccosh,Russia-Ukraine,1,0.5864851375332741,380,0.5157894736842106,11.875,32,20
32,64,arccosh,Russia-Ukraine,2,0.5651064773735581,380,0.5157894736842106,11.875,32,20
32,64,arccosh,Chinese,0,0.5267318745588384,446,0.4730941704035874,13.9375,32,20
32,64,arccosh,Chinese,1,0.5123525259655137,446,0.4730941704035874,13.9375,32,20
32,64,arccosh,Chinese,2,0.519471614399516,446,0.4730941704035874,13.9375,32,20
32,64,arccosh,Iran 2025,0,0.4186075632356624,319,0.3793103448275862,9.96875,32,20
32,64,arccosh,Iran 2025,1,0.4884381000083479,319,0.3793103448275862,9.96875,32,20
32,64,arccosh,Iran 2025,2,0.4405209115952918,319,0.3793103448275862,9.96875,32,20
32,64,exponential,COVID-19,0,0.6367086038961038,444,0.4954954954954955,13.875,32,20
32,64,exponential,COVID-19,1,0.6254464285714286,444,0.4954954954954955,13.875,32,20
32,64,exponential,COVID-19,2,0.6356737012987013,444,0.4954954954954955,13.875,32,20
32,64,exponential,Russia-Ukraine,0,0.6739962289263531,380,0.5157894736842106,11.875,32,20
32,64,exponential,Russia-Ukraine,1,0.6673136645962733,380,0.5157894736842106,11.875,32,20
32,64,exponential,Russia-Ukraine,2,0.6792923691215617,380,0.5157894736842106,11.875,32,20
32,64,exponential,Chinese,0,0.4753050317636382,446,0.4730941704035874,13.9375,32,20
32,64,exponential,Chinese,1,0.48006453564586066,446,0.4730941704035874,13.9375,32,20
32,64,exponential,Chinese,2,0.487949984874458,446,0.4730941704035874,13.9375,32,20
32,64,exponential,Iran 2025,0,0.624926955505468,319,0.3793103448275862,9.96875,32,20
32,64,exponential,Iran 2025,1,0.6401202103681443,319,0.3793103448275862,9.96875,32,20
32,64,exponential,Iran 2025,2,0.6265130645295934,319,0.3793103448275862,9.96875,32,20
64,64,cosine,COVID-19,0,0.6361910358700812,444,0.6599099099099099,6.9375,32,20
64,64,cosine,COVID-19,1,0.33460660443459983,444,0.6599099099099099,6.9375,32,20
64,64,cosine,COVID-19,2,0.7055127364780869,444,0.6599099099099099,6.9375,32,20
64,64,cosine,Russia-Ukraine,0,0.6429803921568628,380,0.6710526315789473,5.9375,32,20
64,64,cosine,Russia-Ukraine,1,0.496721568627451,380,0.6710526315789473,5.9375,32,20
64,64,cosine,Russia-Ukraine,2,0.6077490196078431,380,0.6710526315789473,5.9375,32,20
64,64,cosine,Chinese,0,0.2619648906683092,446,0.5717488789237668,6.96875,32,20
64,64,cosine,Chinese,1,0.28344112514115594,446,0.5717488789237668,6.96875,32,20
64,64,cosine,Chinese,2,0.2780002053177292,446,0.5717488789237668,6.96875,32,20
64,64,cosine,Iran 2025,0,0.6275798868435732,319,0.5579937304075235,4.984375,32,20
64,64,cosine,Iran 2025,1,0.5252211331580205,319,0.5579937304075235,4.984375,32,20
64,64,cosine,Iran 2025,2,0.5449836640369751,319,0.5579937304075235,4.984375,32,20
64,64,arctan,COVID-19,0,0.3613000926700269,444,0.6599099099099099,6.9375,32,20
64,64,arctan,COVID-19,1,0.3498858576497977,444,0.6599099099099099,6.9375,32,20
64,64,arctan,COVID-19,2,0.4182582555432498,444,0.6599099099099099,6.9375,32,20
64,64,arctan,Russia-Ukraine,0,0.2788705882352941,380,0.6710526315789473,5.9375,32,20
64,64,arctan,Russia-Ukraine,1,0.2740078431372549,380,0.6710526315789473,5.9375,32,20
64,64,arctan,Russia-Ukraine,2,0.2679529411764706,380,0.6710526315789473,5.9375,32,20
64,64,arctan,Chinese,0,0.32214351709270095,446,0.5717488789237668,6.96875,32,20
64,64,arctan,Chinese,1,0.3361051226773432,446,0.5717488789237668,6.96875,32,20
64,64,arctan,Chinese,2,0.22901139513396981,446,0.5717488789237668,6.96875,32,20
64,64,arctan,Iran 2025,0,0.42772332456769463,319,0.5579937304075235,4.984375,32,20
64,64,arctan,Iran 2025,1,0.31632002550003985,319,0.5579937304075235,4.984375,32,20
64,64,arctan,Iran 2025,2,0.4281217626902542,319,0.5579937304075235,4.984375,32,20
64,64,arccosh,COVID-19,0,0.32280812783943225,444,0.6599099099099099,6.9375,32,20
64,64,arccosh,COVID-19,1,0.33722848812241485,444,0.6599099099099099,6.9375,32,20
64,64,arccosh,COVID-19,2,0.3016070338810659,444,0.6599099099099099,6.9375,32,20
64,64,arccosh,Russia-Ukraine,0,0.3500549019607843,380,0.6710526315789473,5.9375,32,20
64,64,arccosh,Russia-Ukraine,1,0.3120941176470588,380,0.6710526315789473,5.9375,32,20
64,64,arccosh,Russia-Ukraine,2,0.35780392156862745,380,0.6710526315789473,5.9375,32,20
64,64,arccosh,Chinese,0,0.3537008520685761,446,0.5717488789237668,6.96875,32,20
64,64,arccosh,Chinese,1,0.2908120316189303,446,0.5717488789237668,6.96875,32,20
64,64,arccosh,Chinese,2,0.29307052663997535,446,0.5717488789237668,6.96875,32,20
64,64,arccosh,Iran 2025,0,0.4440991314048928,319,0.5579937304075235,4.984375,32,20
64,64,arccosh,Iran 2025,1,0.388835763805881,319,0.5579937304075235,4.984375,32,20
64,64,arccosh,Iran 2025,2,0.4845406008446888,319,0.5579937304075235,4.984375,32,20
64,64,exponential,COVID-19,0,0.5366498655154488,444,0.6599099099099099,6.9375,32,20
64,64,exponential,COVID-19,1,0.49454150939131614,444,0.6599099099099099,6.9375,32,20
64,64,exponential,COVID-19,2,0.489885405600886,444,0.6599099099099099,6.9375,32,20
64,64,exponential,Russia-Ukraine,0,0.47745882352941177,380,0.6710526315789473,5.9375,32,20
64,64,exponential,Russia-Ukraine,1,0.44043921568627453,380,0.6710526315789473,5.9375,32,20
64,64,exponential,Russia-Ukraine,2,0.4663529411764706,380,0.6710526315789473,5.9375,32,20
64,64,exponential,Chinese,0,0.25412175341340726,446,0.5717488789237668,6.96875,32,20
64,64,exponential,Chinese,1,0.25777640899291654,446,0.5717488789237668,6.96875,32,20
64,64,exponential,Chinese,2,0.2583512986346371,446,0.5717488789237668,6.96875,32,20
64,64,exponential,Iran 2025,0,0.5234281616065025,319,0.5579937304075235,4.984375,32,20
64,64,exponential,Iran 2025,1,0.4666905729540202,319,0.5579937304075235,4.984375,32,20
64,64,exponential,Iran 2025,2,0.5418758466810104,319,0.5579937304075235,4.984375,32,20
